<?xml version="1.0" encoding="UTF-8"?>
<!DOCTYPE suite SYSTEM "https://testng.org/testng-1.0.dtd">
<suite name="Default suite" guice-stage="DEVELOPMENT">
  <test thread-count="5" name="Default test" verbose="2">
    <classes>
      <class name="mavendemo.NewDemo">
        <methods>
          <include name="testNewDemo"/>
        </methods>
      </class>
    </classes>
  </test> <!-- Default test -->
  
  <test thread-count="5" name="Default test" verbose="2">
    <classes>
      <class name="mavendemo.NewDemo">
        <methods>
          <include name="testNewDemo"/>
        </methods>
      </class>
    </classes>
  </test> <!-- Default test -->
</suite> <!-- Default suite -->